timestamp_ms,joint_val_1,joint_val_2,joint_val_3,joint_val_4
0,,,,
20,0.470027,0.173168,3.908648,-3.908648
40,0.519504,0.272121,3.784957,-4.057078
60,0.445289,0.222645,3.883910,-4.057078
80,0.445289,0.222645,3.908648,-3.982863
100,0.445289,0.148430,3.908648,-3.958125
120,0.470027,0.272121,3.809695,-3.982863
140,0.445289,0.272121,3.809695,-4.081817
160,0.445289,0.247383,3.859172,-4.057078
180,0.445289,0.148430,3.908648,-3.958125
200,0.470027,0.148430,3.908648,-3.982863
220,0.519504,0.173168,3.883910,-3.982863
240,0.519504,0.247383,3.859172,-3.982863
260,0.470027,0.148430,3.908648,-3.958125
280,0.371074,0.123691,3.908648,-3.958125
300,0.470027,0.148430,3.809695,-3.958125
320,0.519504,0.222645,3.809695,-4.007602
340,0.519504,0.173168,3.809695,-3.982863
360,0.420551,0.148430,3.908648,-3.958125
380,0.420551,0.173168,3.859172,-3.958125
400,0.544242,0.222645,3.859172,-4.007602
420,0.519504,0.247383,3.784957,-4.007602
440,0.519504,0.173168,3.859172,-3.908648
460,0.371074,0.148430,3.908648,-3.958125
480,0.445289,0.148430,3.859172,-3.982863
500,0.544242,0.272121,3.809695,-4.081817
520,0.519504,0.222645,3.883910,-4.007602
540,0.470027,0.222645,3.958125,-3.908648
560,0.470027,0.173168,3.883910,-3.982863
580,0.519504,0.222645,3.784957,-3.958125
600,0.544242,0.346336,3.809695,-4.007602
620,0.445289,0.222645,3.883910,-3.958125
640,0.445289,0.123691,3.958125,-3.883910
660,0.445289,0.173168,3.859172,-3.982863
680,0.544242,0.222645,3.859172,-4.057078
700,0.544242,0.247383,3.784957,-4.057078
720,0.445289,0.148430,3.908648,-3.883910
740,0.445289,0.123691,3.908648,-3.908648
760,0.519504,0.222645,3.809695,-4.007602
780,0.544242,0.321598,3.760219,-4.081817
800,0.445289,0.173168,3.859172,-4.007602
820,0.470027,0.148430,3.883910,-3.958125
840,0.519504,0.173168,3.809695,-3.982863
860,0.519504,0.222645,3.809695,-4.007602
880,0.519504,0.222645,3.883910,-4.007602
900,0.470027,0.222645,3.908648,-3.958125
920,0.445289,0.173168,3.859172,-3.958125
940,0.470027,0.222645,3.859172,-4.007602
960,0.470027,0.247383,3.809695,-4.007602
980,0.445289,0.148430,3.982863,-3.958125
1000,0.445289,0.074215,3.908648,-3.908648
1020,0.519504,0.272121,3.859172,-4.057078
1040,0.445289,0.222645,3.908648,-4.057078
1060,0.519504,0.173168,3.859172,-3.982863
1080,0.420551,0.049477,4.007602,-3.883910
1100,0.420551,0.148430,3.982863,-3.958125
1120,0.519504,0.222645,3.809695,-4.057078
1140,0.544242,0.247383,3.760219,-4.081817
1160,0.470027,0.148430,3.859172,-3.958125
1180,0.470027,0.148430,3.859172,-3.908648
1200,0.470027,0.173168,3.908648,-4.007602
1220,0.544242,0.222645,3.809695,-4.007602
1240,0.470027,0.173168,3.859172,-3.958125
1260,0.445289,0.148430,3.859172,-3.982863
1280,0.470027,0.222645,3.908648,-3.958125
1300,0.470027,0.173168,3.809695,-4.057078
1320,0.519504,0.222645,3.859172,-3.982863
1340,0.470027,0.173168,3.908648,-3.982863
1360,0.371074,0.148430,3.908648,-3.958125
1380,0.445289,0.148430,3.908648,-4.007602
1400,0.544242,0.272121,3.809695,-4.081817
1420,0.445289,0.148430,3.883910,-3.982863
1440,0.420551,0.148430,3.809695,-3.908648
1460,0.470027,0.222645,3.809695,-3.958125
1480,0.519504,0.222645,3.859172,-4.007602
1500,0.544242,0.272121,3.784957,-4.007602
1520,0.445289,0.173168,3.859172,-3.908648
1540,0.470027,0.148430,3.908648,-3.883910
1560,0.470027,0.173168,3.859172,-3.958125
1580,0.519504,0.222645,3.859172,-3.982863
1600,0.445289,0.272121,3.883910,-4.007602
1620,0.470027,0.074215,3.908648,-3.883910
1640,0.445289,0.173168,3.908648,-3.958125
1660,0.445289,0.222645,3.809695,-3.982863
1680,0.519504,0.247383,3.859172,-4.057078
1700,0.445289,0.148430,3.958125,-4.007602
1720,0.445289,0.148430,3.958125,-3.958125
1740,0.470027,0.173168,3.908648,-3.982863
1760,0.445289,0.222645,3.908648,-4.007602
1780,0.470027,0.222645,3.883910,-4.007602
1800,0.445289,0.173168,3.982863,-3.982863
1820,0.445289,0.148430,3.908648,-3.982863
1840,0.445289,0.148430,3.883910,-4.057078
1860,0.544242,0.272121,3.784957,-4.057078
1880,0.544242,0.222645,3.908648,-4.007602
1900,0.519504,0.222645,3.908648,-3.982863
1920,0.445289,0.148430,3.908648,-3.908648
1940,0.519504,0.222645,3.809695,-4.007602
1960,0.568980,0.222645,3.859172,-3.982863
1980,0.519504,0.222645,3.908648,-3.982863
2000,0.470027,0.123691,3.883910,-3.982863
2020,0.445289,0.222645,3.859172,-4.007602
2040,0.519504,0.222645,3.859172,-4.007602
2060,0.470027,0.148430,3.883910,-3.958125
2080,0.470027,0.123691,3.908648,-3.958125
2100,0.470027,0.148430,3.859172,-3.908648
2120,0.544242,0.173168,3.859172,-4.007602
2140,0.519504,0.222645,3.908648,-4.007602
2160,0.470027,0.222645,3.883910,-3.982863
2180,0.519504,0.173168,3.958125,-3.958125
2200,0.445289,0.173168,3.784957,-3.958125
2220,0.568980,0.222645,3.859172,-4.007602
2240,0.519504,0.173168,3.883910,-3.958125
2260,0.470027,0.222645,3.908648,-3.982863
2280,0.519504,0.173168,3.908648,-3.982863
2300,0.519504,0.222645,3.859172,-4.057078
2320,0.519504,0.222645,3.809695,-4.057078
2340,0.445289,0.222645,3.809695,-3.958125
2360,0.445289,0.173168,3.883910,-3.982863
2380,0.519504,0.222645,3.859172,-4.007602
2400,0.470027,0.272121,3.859172,-4.007602
2420,0.519504,0.272121,3.809695,-4.057078
2440,0.470027,0.272121,3.859172,-3.982863
2460,0.445289,0.123691,3.982863,-3.908648
2480,0.519504,0.173168,3.883910,-4.007602
2500,0.470027,0.222645,3.859172,-4.081817
2520,0.445289,0.247383,3.784957,-3.958125
2540,0.445289,0.148430,3.883910,-3.908648
2560,0.519504,0.222645,3.809695,-4.007602
2580,0.519504,0.222645,3.859172,-4.007602
2600,0.519504,0.222645,3.859172,-3.982863
2620,0.470027,0.148430,3.908648,-3.958125
2640,0.470027,0.148430,3.809695,-4.007602
2660,0.445289,0.173168,3.859172,-4.007602
2680,0.568980,0.222645,3.760219,-4.081817
2700,0.519504,0.272121,3.908648,-4.057078
2720,0.470027,0.148430,3.908648,-3.908648
2740,0.470027,0.173168,3.859172,-3.982863
2760,0.445289,0.222645,3.883910,-3.982863
2780,0.519504,0.222645,3.809695,-3.982863
2800,0.470027,0.173168,3.883910,-4.007602
2820,0.470027,0.123691,3.883910,-3.958125
2840,0.519504,0.173168,3.784957,-4.007602
2860,0.544242,0.247383,3.859172,-4.007602
2880,0.420551,0.148430,3.908648,-3.982863
2900,0.445289,0.074215,3.859172,-3.958125
2920,0.519504,0.173168,3.809695,-4.007602
2940,0.519504,0.173168,3.883910,-4.007602
2960,0.544242,0.222645,3.883910,-4.057078
2980,0.519504,0.222645,3.859172,-4.007602
3000,0.470027,0.123691,3.908648,-3.908648
3020,0.519504,0.222645,3.859172,-4.007602
3040,0.544242,0.247383,3.809695,-4.057078
3060,0.470027,0.173168,3.859172,-3.958125
3080,0.445289,0.123691,3.908648,-3.883910
3100,0.445289,0.148430,3.883910,-3.982863
3120,0.445289,0.222645,3.883910,-4.057078
3140,0.544242,0.272121,3.784957,-4.057078
3160,0.445289,0.123691,3.908648,-3.958125
3180,0.470027,0.148430,3.859172,-3.982863
3200,0.371074,0.074215,3.982863,-3.883910
3220,0.445289,0.173168,3.809695,-4.007602
3240,0.445289,0.222645,3.883910,-4.007602
3260,0.445289,0.148430,3.908648,-3.908648
3280,0.445289,0.222645,3.908648,-3.908648
3300,0.519504,0.173168,3.784957,-4.007602
3320,0.643195,0.247383,3.784957,-4.057078
3340,0.470027,0.173168,3.883910,-3.958125
3360,0.470027,0.148430,3.809695,-3.908648
3380,0.445289,0.173168,3.859172,-3.982863
3400,0.544242,0.321598,3.784957,-4.106555
3420,0.470027,0.222645,3.859172,-3.958125
3440,0.371074,0.173168,3.958125,-3.958125
3460,0.445289,0.148430,3.883910,-3.982863
3480,0.445289,0.222645,3.784957,-4.057078
3500,0.470027,0.272121,3.784957,-4.057078
3520,0.445289,0.148430,3.859172,-3.958125
3540,0.470027,0.148430,3.908648,-3.883910
3560,0.519504,0.222645,3.883910,-3.958125
3580,0.568980,0.222645,3.809695,-4.007602
3600,0.519504,0.148430,3.859172,-4.007602
3620,0.470027,0.148430,3.883910,-3.958125
3640,0.445289,0.123691,3.908648,-3.883910
3660,0.519504,0.148430,3.908648,-3.958125
3680,0.544242,0.222645,3.784957,-4.007602
3700,0.445289,0.074215,3.908648,-3.908648
3720,0.445289,0.123691,3.908648,-3.883910
3740,0.470027,0.222645,3.883910,-3.982863
3760,0.544242,0.247383,3.809695,-4.007602
3780,0.544242,0.222645,3.859172,-4.007602
3800,0.470027,0.148430,3.908648,-3.958125
3820,0.371074,0.148430,3.908648,-3.883910
3840,0.445289,0.222645,3.809695,-3.958125
3860,0.544242,0.272121,3.809695,-4.007602
3880,0.470027,0.148430,3.859172,-3.908648
3900,0.445289,0.123691,3.883910,-3.908648
3920,0.445289,0.173168,3.784957,-3.958125
3940,0.519504,0.222645,3.809695,-3.958125
3960,0.519504,0.222645,3.859172,-3.982863
3980,0.445289,0.123691,3.883910,-3.958125
4000,0.445289,0.123691,3.908648,-3.958125
4020,0.445289,0.148430,3.908648,-4.007602
4040,0.568980,0.173168,3.809695,-4.057078
4060,0.445289,0.173168,3.883910,-3.982863
4080,0.371074,0.173168,3.908648,-3.908648
4100,0.519504,0.148430,3.859172,-3.958125
4120,0.519504,0.272121,3.859172,-4.081817
4140,0.470027,0.222645,3.859172,-4.057078
4160,0.420551,0.148430,3.908648,-3.958125
4180,0.445289,0.173168,3.908648,-3.958125
4200,0.519504,0.173168,3.883910,-3.982863
4220,0.470027,0.247383,3.809695,-4.057078
4240,0.519504,0.173168,3.883910,-3.958125
4260,0.445289,0.148430,3.958125,-3.958125
4280,0.445289,0.247383,3.859172,-4.057078
4300,0.519504,0.247383,3.859172,-4.007602
4320,0.519504,0.173168,3.859172,-4.007602
4340,0.470027,0.173168,3.859172,-3.982863
4360,0.519504,0.148430,3.883910,-3.982863
4381,0.445289,0.247383,3.883910,-4.057078
4400,0.445289,0.247383,3.859172,-4.057078
4420,0.445289,0.222645,3.859172,-4.007602
4440,0.470027,0.148430,3.908648,-3.958125
4460,0.445289,0.173168,3.908648,-3.982863
4480,0.470027,0.247383,3.859172,-3.958125
4500,0.470027,0.148430,3.859172,-3.982863
4520,0.445289,0.123691,3.908648,-3.908648
4540,0.445289,0.173168,3.958125,-3.908648
4560,0.519504,0.222645,3.809695,-4.007602
4580,0.568980,0.247383,3.760219,-4.081817
4600,0.445289,0.173168,3.883910,-3.958125
4620,0.445289,0.123691,3.908648,-3.883910
4640,0.445289,0.148430,3.883910,-3.982863
4660,0.568980,0.272121,3.809695,-4.007602
4680,0.519504,0.222645,3.809695,-3.982863
4700,0.445289,0.173168,3.908648,-3.982863
4720,0.445289,0.148430,3.908648,-3.958125
4740,0.445289,0.222645,3.859172,-4.007602
4760,0.568980,0.247383,3.809695,-4.057078
4780,0.519504,0.222645,3.859172,-4.057078
4800,0.445289,0.173168,3.859172,-3.958125
4820,0.445289,0.148430,3.859172,-3.958125
4840,0.519504,0.247383,3.784957,-4.057078
4860,0.568980,0.272121,3.859172,-4.007602
4881,0.470027,0.173168,3.958125,-3.908648
4900,0.445289,0.123691,3.958125,-3.908648
4920,0.519504,0.222645,3.809695,-3.958125
4940,0.519504,0.321598,3.809695,-4.057078
4960,0.519504,0.247383,3.859172,-3.982863
4980,0.445289,0.123691,3.908648,-3.958125
5000,0.445289,0.222645,3.883910,-3.982863
5020,0.544242,0.222645,3.760219,-4.057078
5040,0.519504,0.222645,3.859172,-4.007602
5060,0.445289,0.148430,3.908648,-3.908648
5080,0.470027,0.173168,3.908648,-3.982863
5101,0.519504,0.247383,3.784957,-4.057078
5120,0.519504,0.321598,3.760219,-4.156032
5140,0.445289,0.222645,3.809695,-4.007602
5160,0.420551,0.148430,3.908648,-3.958125
5180,0.420551,0.222645,3.908648,-3.958125
5200,0.519504,0.222645,3.859172,-4.057078
5220,0.519504,0.247383,3.784957,-3.982863
5240,0.420551,0.123691,3.908648,-3.883910
5260,0.470027,0.173168,3.859172,-3.958125
5280,0.544242,0.222645,3.784957,-4.057078
5300,0.544242,0.247383,3.809695,-4.081817
5320,0.445289,0.148430,3.883910,-3.958125
5340,0.445289,0.148430,3.883910,-3.958125
5360,0.445289,0.148430,3.908648,-4.007602
5380,0.568980,0.272121,3.784957,-4.057078
5400,0.519504,0.173168,3.784957,-3.982863
5420,0.445289,0.148430,3.908648,-3.982863
5440,0.470027,0.123691,3.859172,-3.958125
5460,0.544242,0.272121,3.809695,-4.057078
5480,0.544242,0.272121,3.784957,-4.081817
5500,0.470027,0.222645,3.883910,-3.958125
5520,0.445289,0.148430,3.883910,-3.958125
5540,0.470027,0.222645,3.908648,-3.982863
5560,0.470027,0.222645,3.859172,-3.982863
5580,0.519504,0.173168,3.908648,-3.982863
5600,0.445289,0.074215,3.982863,-3.908648
5620,0.470027,0.173168,3.883910,-3.982863
5640,0.519504,0.222645,3.809695,-4.057078
5660,0.568980,0.272121,3.809695,-4.057078
5680,0.470027,0.272121,3.809695,-3.982863
5700,0.445289,0.148430,3.908648,-3.958125
5720,0.519504,0.222645,3.859172,-4.057078
5740,0.445289,0.247383,3.809695,-4.057078
5760,0.544242,0.247383,3.809695,-4.081817
5780,0.445289,0.148430,3.908648,-3.982863
5800,0.519504,0.173168,3.908648,-3.958125
5820,0.445289,0.222645,3.859172,-3.982863
5840,0.544242,0.272121,3.859172,-4.057078
5860,0.445289,0.222645,3.908648,-3.982863
5880,0.346336,0.148430,3.908648,-3.982863
5900,0.445289,0.222645,3.908648,-3.958125
5920,0.519504,0.222645,3.883910,-3.982863
5940,0.519504,0.222645,3.784957,-4.057078
5960,0.445289,0.148430,3.958125,-3.908648
5980,0.470027,0.148430,3.859172,-3.958125
6000,0.544242,0.173168,3.859172,-4.007602
6020,0.544242,0.222645,3.859172,-3.982863
6040,0.519504,0.148430,3.883910,-3.908648
6060,0.519504,0.222645,3.883910,-3.982863
6080,0.470027,0.173168,3.859172,-3.958125
6100,0.470027,0.173168,3.859172,-3.958125
6120,0.445289,0.222645,3.859172,-4.057078
6140,0.445289,0.173168,3.958125,-3.982863
6160,0.445289,0.222645,3.908648,-4.007602
6180,0.519504,0.222645,3.784957,-4.007602
6200,0.544242,0.247383,3.784957,-4.081817
6220,0.445289,0.148430,3.908648,-3.958125
6240,0.445289,0.148430,3.908648,-3.908648
6260,0.470027,0.173168,3.883910,-3.982863
6280,0.544242,0.247383,3.809695,-4.057078
6300,0.445289,0.222645,3.784957,-4.057078
6320,0.519504,0.173168,3.958125,-3.958125
6340,0.371074,0.123691,3.958125,-3.883910
6360,0.470027,0.173168,3.883910,-3.958125
6380,0.519504,0.247383,3.784957,-4.007602
6400,0.544242,0.222645,3.809695,-4.007602
6420,0.470027,0.148430,3.859172,-3.958125
6440,0.519504,0.148430,3.908648,-3.958125
6460,0.445289,0.247383,3.883910,-4.007602
6480,0.519504,0.247383,3.784957,-4.081817
6500,0.445289,0.222645,3.883910,-4.007602
6520,0.420551,0.123691,3.908648,-3.958125
6540,0.445289,0.123691,3.908648,-3.958125
6560,0.519504,0.222645,3.809695,-4.057078
6580,0.470027,0.148430,3.809695,-4.057078
6600,0.445289,0.074215,3.958125,-3.908648
6620,0.445289,0.123691,3.982863,-3.908648
6640,0.445289,0.148430,3.908648,-3.908648
6660,0.519504,0.272121,3.784957,-4.057078
6680,0.420551,0.222645,3.883910,-3.982863
6700,0.445289,0.148430,3.859172,-3.908648
6720,0.470027,0.222645,3.859172,-3.958125
6740,0.568980,0.222645,3.784957,-4.007602
6760,0.544242,0.272121,3.760219,-4.057078
6780,0.470027,0.173168,3.859172,-4.007602
6800,0.445289,0.123691,3.908648,-3.883910
6820,0.445289,0.173168,3.908648,-3.958125
6840,0.544242,0.272121,3.784957,-4.057078
6860,0.470027,0.272121,3.859172,-3.982863
6880,0.371074,0.123691,3.908648,-3.908648
6900,0.445289,0.074215,3.908648,-3.908648
6920,0.519504,0.272121,3.784957,-4.007602
6940,0.519504,0.272121,3.859172,-4.057078
6960,0.519504,0.222645,3.859172,-3.982863
6980,0.445289,0.123691,3.908648,-3.908648
7000,0.470027,0.222645,3.859172,-3.958125
7020,0.445289,0.222645,3.809695,-4.007602
7040,0.568980,0.222645,3.809695,-4.057078
7060,0.371074,0.123691,3.958125,-3.908648
7080,0.445289,0.148430,3.908648,-4.007602
7100,0.519504,0.222645,3.859172,-4.007602
7120,0.519504,0.222645,3.784957,-4.007602
7140,0.519504,0.148430,3.908648,-3.958125
7160,0.470027,0.222645,3.908648,-3.982863
7180,0.420551,0.148430,3.908648,-3.982863
7200,0.544242,0.272121,3.859172,-4.057078
7220,0.519504,0.222645,3.784957,-4.007602
7240,0.445289,0.148430,3.908648,-3.908648
7260,0.519504,0.222645,3.883910,-3.958125
7280,0.445289,0.173168,3.784957,-4.007602
7300,0.519504,0.247383,3.809695,-4.081817
7320,0.470027,0.148430,3.883910,-3.982863
7340,0.445289,0.148430,3.859172,-3.908648
7360,0.445289,0.123691,3.908648,-3.958125
7380,0.470027,0.272121,3.809695,-3.982863
7400,0.519504,0.173168,3.809695,-3.982863
7420,0.470027,0.173168,3.908648,-3.982863
7440,0.420551,0.148430,3.982863,-3.908648
7460,0.470027,0.247383,3.859172,-4.007602
7480,0.519504,0.272121,3.784957,-4.007602
7500,0.519504,0.222645,3.859172,-4.007602
7520,0.445289,0.049477,3.908648,-3.859172
7540,0.470027,0.222645,3.859172,-3.958125
7560,0.519504,0.272121,3.809695,-4.007602
7580,0.519504,0.173168,3.883910,-3.982863
7600,0.445289,0.148430,3.908648,-3.958125
7620,0.445289,0.148430,3.908648,-3.982863
7640,0.445289,0.222645,3.883910,-4.007602
7660,0.470027,0.173168,3.859172,-3.982863
7680,0.519504,0.173168,3.883910,-4.007602
7700,0.371074,0.123691,3.883910,-3.982863
7720,0.445289,0.173168,3.859172,-4.057078
7740,0.519504,0.272121,3.809695,-4.057078
7760,0.568980,0.173168,3.809695,-4.007602
7780,0.470027,0.148430,3.908648,-3.883910
7800,0.519504,0.123691,3.908648,-3.908648
7820,0.544242,0.272121,3.859172,-3.982863
7840,0.519504,0.247383,3.859172,-4.057078
7860,0.470027,0.173168,3.859172,-3.982863
7880,0.445289,0.074215,3.958125,-3.883910
7900,0.470027,0.148430,3.883910,-3.958125
7920,0.519504,0.272121,3.908648,-4.007602
7940,0.470027,0.222645,3.883910,-4.057078
7960,0.445289,0.123691,3.908648,-3.883910
7980,0.445289,0.123691,3.908648,-3.982863
8000,0.445289,0.222645,3.859172,-4.007602
8020,0.519504,0.222645,3.809695,-4.007602
8040,0.445289,0.148430,3.859172,-3.958125
8060,0.445289,0.148430,3.908648,-3.958125
8080,0.519504,0.222645,3.859172,-3.982863
8100,0.544242,0.222645,3.784957,-4.007602
8120,0.519504,0.222645,3.859172,-4.007602
8140,0.445289,0.148430,3.859172,-3.958125
8160,0.445289,0.148430,3.982863,-3.908648
8180,0.519504,0.222645,3.809695,-4.007602
8200,0.568980,0.222645,3.859172,-3.982863
8220,0.445289,0.173168,3.908648,-3.908648
8240,0.371074,0.148430,3.883910,-3.958125
8260,0.470027,0.148430,3.809695,-4.007602
8280,0.544242,0.272121,3.883910,-4.081817
8300,0.544242,0.222645,3.809695,-4.007602
8320,0.445289,0.222645,3.908648,-3.982863
8340,0.519504,0.173168,3.859172,-3.958125
8360,0.544242,0.247383,3.883910,-4.007602
8380,0.519504,0.222645,3.859172,-4.007602
8400,0.445289,0.222645,3.908648,-3.982863
8420,0.420551,0.173168,3.859172,-3.958125
8440,0.445289,0.148430,3.958125,-3.908648
8460,0.568980,0.222645,3.809695,-4.057078
8480,0.445289,0.222645,3.908648,-3.982863
8500,0.470027,0.222645,3.908648,-3.958125
8520,0.470027,0.173168,3.908648,-3.958125
8540,0.445289,0.222645,3.809695,-4.007602
8560,0.519504,0.222645,3.784957,-4.057078
8580,0.445289,0.222645,3.859172,-4.007602
8600,0.445289,0.123691,3.958125,-3.908648
8620,0.470027,0.222645,3.908648,-3.982863
8640,0.445289,0.247383,3.809695,-4.081817
8660,0.519504,0.272121,3.809695,-4.081817
8680,0.371074,0.148430,3.908648,-3.982863
8700,0.445289,0.123691,3.908648,-3.982863
8720,0.445289,0.222645,3.908648,-4.057078
8740,0.544242,0.247383,3.809695,-4.057078
8760,0.519504,0.173168,3.859172,-4.007602
8780,0.445289,0.148430,3.883910,-3.958125
8800,0.445289,0.148430,3.908648,-3.982863
8820,0.470027,0.222645,3.859172,-4.007602
8840,0.519504,0.247383,3.809695,-4.007602
8860,0.445289,0.173168,3.958125,-3.958125
8880,0.371074,0.074215,3.883910,-3.982863
8900,0.568980,0.222645,3.784957,-4.007602
8920,0.519504,0.247383,3.859172,-4.007602
8940,0.519504,0.173168,3.859172,-3.982863
8960,0.371074,0.074215,3.908648,-3.908648
8980,0.470027,0.148430,3.859172,-4.007602
9000,0.470027,0.222645,3.883910,-4.007602
9020,0.445289,0.173168,3.908648,-3.908648
9040,0.445289,0.123691,3.908648,-3.958125
9060,0.445289,0.222645,3.908648,-3.958125
9080,0.568980,0.222645,3.809695,-3.982863
9100,0.519504,0.321598,3.859172,-4.007602
9120,0.445289,0.222645,3.908648,-3.958125
9140,0.371074,0.148430,3.958125,-3.958125
9160,0.445289,0.173168,3.908648,-3.958125
9180,0.519504,0.222645,3.859172,-4.081817
9200,0.470027,0.346336,3.883910,-4.081817
9220,0.420551,0.123691,3.908648,-3.958125
9240,0.371074,0.148430,3.958125,-3.982863
9260,0.445289,0.222645,3.784957,-4.007602
9280,0.544242,0.272121,3.809695,-4.057078
9300,0.519504,0.222645,3.809695,-3.982863
9320,0.371074,0.148430,3.958125,-3.908648
9340,0.470027,0.148430,3.859172,-3.982863
9360,0.544242,0.272121,3.883910,-4.081817
9380,0.519504,0.272121,3.809695,-4.057078
9400,0.445289,0.148430,3.883910,-3.958125
9420,0.470027,0.049477,3.908648,-3.908648
9440,0.519504,0.272121,3.809695,-4.007602
9460,0.544242,0.272121,3.760219,-4.007602
9480,0.470027,0.173168,3.883910,-4.007602
9500,0.445289,0.074215,3.908648,-3.883910
9520,0.519504,0.222645,3.859172,-4.007602
9540,0.544242,0.222645,3.859172,-4.057078
9560,0.519504,0.148430,3.883910,-4.007602
9580,0.420551,0.123691,4.057078,-3.883910
9600,0.470027,0.123691,3.908648,-3.908648
9620,0.519504,0.247383,3.859172,-4.007602
9640,0.519504,0.222645,3.809695,-4.007602
9660,0.445289,0.148430,3.883910,-3.958125
9680,0.445289,0.148430,3.908648,-3.908648
9700,0.470027,0.148430,3.908648,-3.982863
9720,0.544242,0.272121,3.710742,-4.081817
9740,0.544242,0.222645,3.809695,-4.057078
9760,0.445289,0.173168,3.883910,-3.958125
9780,0.445289,0.173168,3.908648,-3.982863
9800,0.544242,0.222645,3.809695,-3.982863
9820,0.519504,0.222645,3.809695,-4.057078
9840,0.519504,0.222645,3.883910,-3.982863
9860,0.470027,0.222645,3.908648,-3.982863
9880,0.445289,0.173168,3.859172,-3.982863
9900,0.445289,0.272121,3.784957,-4.081817
9920,0.519504,0.272121,3.809695,-4.007602
9940,0.445289,0.148430,3.908648,-3.982863
9960,0.371074,0.222645,3.908648,-3.958125
9980,0.519504,0.148430,3.809695,-4.007602
10000,0.519504,0.247383,3.809695,-4.081817
10020,0.470027,0.173168,3.883910,-3.982863
10040,0.470027,0.123691,3.908648,-3.958125
10060,0.470027,0.173168,3.908648,-4.007602
10080,0.470027,0.272121,3.958125,-4.057078
10100,0.470027,0.222645,3.859172,-4.081817
10120,0.420551,0.148430,3.958125,-3.958125
10140,0.420551,0.123691,3.958125,-3.958125
10160,0.470027,0.173168,3.859172,-3.982863
10180,0.519504,0.247383,3.784957,-4.081817
10200,0.519504,0.222645,3.809695,-3.982863
10220,0.445289,0.148430,3.859172,-3.908648
10240,0.445289,0.148430,3.883910,-3.958125
10260,0.544242,0.148430,3.908648,-3.982863
10280,0.519504,0.222645,3.908648,-4.007602
10300,0.470027,0.222645,3.908648,-3.958125
10320,0.445289,0.148430,3.883910,-3.958125
10340,0.445289,0.222645,3.883910,-3.982863
10360,0.519504,0.272121,3.760219,-4.081817
10380,0.470027,0.222645,3.883910,-4.007602
10400,0.445289,0.123691,3.908648,-3.958125
10420,0.420551,0.123691,3.908648,-3.982863
10440,0.519504,0.247383,3.809695,-4.007602
10460,0.470027,0.272121,3.784957,-4.057078
10480,0.470027,0.272121,3.809695,-4.057078
10500,0.470027,0.222645,3.859172,-4.007602
10520,0.445289,0.173168,3.908648,-3.982863
10540,0.519504,0.222645,3.859172,-4.007602
10560,0.519504,0.222645,3.908648,-4.007602
10580,0.445289,0.222645,3.908648,-4.057078
10600,0.420551,0.148430,4.007602,-3.982863
10620,0.420551,0.123691,3.859172,-3.982863
10640,0.519504,0.247383,3.809695,-4.106555
10660,0.519504,0.222645,3.883910,-4.007602
10680,0.445289,0.148430,3.883910,-3.982863
10700,0.346336,0.173168,3.908648,-3.982863
10720,0.445289,0.222645,3.859172,-4.007602
10740,0.519504,0.222645,3.809695,-4.007602
10760,0.445289,0.222645,3.809695,-4.007602
10780,0.371074,0.123691,3.958125,-3.958125
10800,0.519504,0.148430,3.908648,-4.057078
10820,0.445289,0.222645,3.883910,-4.106555
10840,0.470027,0.173168,3.908648,-4.007602
10860,0.371074,0.148430,3.982863,-3.908648
10880,0.371074,0.148430,4.007602,-3.883910
10900,0.519504,0.173168,3.908648,-3.982863
10920,0.519504,0.173168,3.883910,-4.007602
10940,0.470027,0.222645,3.859172,-3.958125
10960,0.470027,0.123691,3.908648,-3.958125
10980,0.371074,0.123691,3.883910,-3.958125
11000,0.544242,0.173168,3.859172,-4.106555
11020,0.544242,0.222645,3.883910,-4.007602
11040,0.420551,0.074215,3.982863,-3.958125
11060,0.371074,0.074215,3.958125,-3.908648
11080,0.544242,0.173168,3.883910,-4.007602
11100,0.519504,0.173168,3.784957,-4.057078
11120,0.519504,0.222645,3.784957,-4.057078
11140,0.445289,0.123691,3.958125,-3.958125
11160,0.445289,0.173168,3.883910,-3.982863
11180,0.470027,0.272121,3.784957,-4.057078
11200,0.519504,0.272121,3.760219,-4.057078
11220,0.445289,0.173168,3.958125,-3.982863
11240,0.544242,0.148430,3.883910,-3.958125
11260,0.519504,0.247383,3.809695,-4.007602
11280,0.445289,0.222645,3.883910,-4.057078
11300,0.519504,0.148430,3.809695,-3.958125
11320,0.445289,0.148430,3.982863,-3.883910
11340,0.519504,0.148430,3.908648,-4.007602
11360,0.519504,0.222645,3.809695,-4.007602
11380,0.519504,0.247383,3.883910,-3.982863
11400,0.445289,0.123691,3.958125,-3.908648
11420,0.519504,0.123691,3.908648,-3.958125
11440,0.568980,0.222645,3.809695,-4.007602
11460,0.470027,0.173168,3.809695,-4.057078
11480,0.519504,0.123691,3.809695,-3.982863
11503,0.420551,0.074215,3.908648,-3.982863
11520,0.470027,0.173168,3.883910,-3.982863
11540,0.519504,0.247383,3.784957,-4.057078
11560,0.519504,0.247383,3.859172,-4.081817
11580,0.445289,0.222645,3.883910,-3.982863
11600,0.371074,0.148430,3.908648,-3.908648
11620,0.519504,0.222645,3.859172,-4.007602
11640,0.568980,0.272121,3.760219,-4.106555
11660,0.470027,0.173168,3.883910,-4.007602
11680,0.445289,0.148430,3.908648,-3.958125
11700,0.470027,0.148430,3.859172,-4.007602
11720,0.519504,0.222645,3.809695,-4.057078
11740,0.470027,0.173168,3.883910,-4.007602
11760,0.445289,0.222645,3.883910,-4.007602
11780,0.371074,0.148430,3.982863,-3.958125
11800,0.445289,0.222645,3.908648,-4.007602
11820,0.544242,0.222645,3.859172,-4.007602
11841,0.519504,0.173168,3.883910,-4.057078
11860,0.371074,0.148430,4.007602,-3.883910
11880,0.470027,0.148430,3.908648,-3.982863
11900,0.519504,0.272121,3.859172,-4.057078
11920,0.519504,0.222645,3.859172,-3.982863
11940,0.420551,0.123691,3.859172,-3.908648
11960,0.445289,0.148430,3.883910,-3.982863
11980,0.519504,0.222645,3.809695,-3.982863
12000,0.445289,0.222645,3.859172,-4.007602
12020,0.470027,0.148430,3.908648,-4.007602
12040,0.470027,0.123691,3.908648,-3.883910
12060,0.519504,0.173168,3.908648,-3.908648
12080,0.568980,0.173168,3.760219,-4.081817
12100,0.519504,0.222645,3.859172,-3.982863
12120,0.445289,0.222645,3.958125,-3.883910
12140,0.470027,0.247383,3.958125,-3.982863
12160,0.519504,0.272121,3.859172,-4.057078
12180,0.519504,0.148430,3.883910,-3.982863
12200,0.519504,0.148430,3.859172,-4.007602
12220,0.519504,0.148430,3.958125,-3.982863
12240,0.470027,0.148430,3.859172,-4.007602
12260,0.519504,0.272121,3.859172,-4.007602
12280,0.544242,0.222645,3.859172,-4.081817
12300,0.470027,0.173168,3.859172,-3.982863
12320,0.445289,0.222645,3.883910,-3.982863
12340,0.445289,0.222645,3.883910,-3.982863
12360,0.519504,0.222645,3.859172,-4.057078
12380,0.519504,0.272121,3.859172,-4.057078
12400,0.470027,0.123691,3.908648,-3.908648
12420,0.371074,0.074215,3.859172,-3.883910
12440,0.519504,0.222645,3.883910,-3.982863
12460,0.519504,0.222645,3.784957,-4.057078
12480,0.371074,0.173168,3.908648,-4.007602
12500,0.445289,0.148430,3.859172,-4.007602
12520,0.519504,0.222645,3.883910,-3.982863
12540,0.519504,0.272121,3.784957,-4.081817
12560,0.519504,0.222645,3.809695,-3.982863
12580,0.519504,0.148430,3.908648,-3.982863
12600,0.420551,0.173168,3.859172,-3.982863
12620,0.519504,0.247383,3.859172,-4.081817
12640,0.519504,0.222645,3.809695,-4.057078
12660,0.445289,0.173168,3.859172,-4.007602
12680,0.445289,0.123691,3.859172,-3.958125
12700,0.445289,0.123691,3.859172,-3.982863
12720,0.519504,0.247383,3.859172,-4.057078
12740,0.544242,0.247383,3.859172,-4.007602
12760,0.420551,0.148430,3.908648,-3.883910
12780,0.371074,0.123691,3.883910,-3.982863
12801,0.519504,0.173168,3.809695,-3.982863
12820,0.568980,0.247383,3.859172,-4.081817
12840,0.445289,0.148430,3.958125,-3.958125
12860,0.470027,0.148430,3.958125,-3.908648
12880,0.445289,0.074215,3.982863,-3.908648
12900,0.544242,0.272121,3.809695,-4.007602
12920,0.519504,0.222645,3.809695,-4.007602
12940,0.445289,0.148430,3.982863,-3.908648
12960,0.371074,0.074215,3.982863,-3.982863
12980,0.544242,0.222645,3.859172,-4.007602
13000,0.544242,0.222645,3.809695,-3.982863
13020,0.420551,0.074215,3.883910,-3.908648
13040,0.470027,0.049477,3.958125,-3.883910
13060,0.470027,0.123691,3.883910,-3.982863
13080,0.519504,0.272121,3.908648,-4.057078
13100,0.445289,0.272121,3.859172,-4.057078
13120,0.420551,0.074215,3.908648,-3.908648
13140,0.420551,0.074215,3.982863,-3.883910
13160,0.519504,0.222645,3.859172,-3.982863
13180,0.519504,0.173168,3.883910,-3.982863
13200,0.445289,0.148430,3.883910,-3.982863
13220,0.420551,0.123691,3.982863,-3.908648
13240,0.445289,0.148430,3.883910,-3.982863
13260,0.568980,0.222645,3.784957,-4.057078
13280,0.470027,0.247383,3.908648,-3.982863
13300,0.445289,0.074215,3.908648,-3.908648
13320,0.371074,0.123691,4.007602,-3.958125
13340,0.470027,0.148430,3.908648,-4.057078
13360,0.519504,0.247383,3.859172,-4.057078
13380,0.470027,0.148430,3.883910,-3.958125
13400,0.371074,0.148430,3.958125,-3.908648
13420,0.445289,0.148430,3.982863,-3.908648
13440,0.544242,0.222645,3.859172,-4.057078
13460,0.445289,0.272121,3.859172,-4.057078
13480,0.445289,0.173168,3.859172,-3.908648
13500,0.445289,0.148430,3.958125,-3.908648
13520,0.519504,0.222645,3.809695,-3.982863
13540,0.445289,0.247383,3.784957,-4.180769
13560,0.470027,0.222645,3.958125,-3.982863
13580,0.445289,0.173168,3.982863,-3.958125
13600,0.519504,0.173168,3.859172,-3.982863
13620,0.519504,0.247383,3.859172,-4.081817
13640,0.445289,0.173168,3.859172,-4.007602
13660,0.445289,0.148430,3.908648,-3.908648
13680,0.371074,0.074215,3.908648,-3.908648
13700,0.544242,0.173168,3.809695,-4.007602
13720,0.470027,0.247383,3.809695,-4.057078
13740,0.544242,0.148430,3.908648,-3.982863
13760,0.445289,0.148430,3.982863,-3.883910
13780,0.445289,0.148430,3.908648,-3.982863
13800,0.544242,0.247383,3.784957,-4.057078
13820,0.544242,0.272121,3.784957,-4.081817
13840,0.445289,0.148430,3.982863,-3.908648
13860,0.445289,0.148430,3.908648,-3.908648
13880,0.519504,0.222645,3.784957,-4.057078
13900,0.568980,0.247383,3.760219,-4.007602
13920,0.519504,0.173168,3.883910,-3.982863
13940,0.420551,0.123691,3.908648,-3.908648
13960,0.445289,0.148430,3.908648,-3.982863
13980,0.519504,0.222645,3.784957,-4.081817
14000,0.445289,0.247383,3.883910,-4.007602
14020,0.470027,0.123691,3.908648,-3.958125
14040,0.445289,0.173168,3.908648,-3.982863
14060,0.470027,0.247383,3.883910,-4.007602
14080,0.445289,0.272121,3.809695,-4.081817
14100,0.420551,0.148430,3.908648,-4.007602
14120,0.445289,0.123691,3.982863,-3.908648
14140,0.470027,0.148430,3.958125,-3.958125
14160,0.544242,0.247383,3.784957,-4.007602
14180,0.445289,0.247383,3.784957,-4.007602
14200,0.470027,0.173168,3.908648,-3.908648
14220,0.445289,0.222645,3.908648,-3.958125
14240,0.445289,0.272121,3.883910,-4.057078
14260,0.519504,0.272121,3.809695,-4.106555
14280,0.470027,0.173168,3.908648,-4.007602
14300,0.445289,0.148430,3.982863,-3.958125
14320,0.470027,0.173168,3.883910,-3.982863
14340,0.544242,0.222645,3.908648,-4.007602
14360,0.470027,0.247383,3.908648,-4.007602
14380,0.470027,0.222645,3.908648,-3.958125
14400,0.470027,0.148430,3.908648,-3.958125
14420,0.445289,0.222645,3.908648,-3.982863
14440,0.519504,0.247383,3.784957,-4.081817
14460,0.519504,0.222645,3.784957,-4.007602
14480,0.470027,0.148430,3.908648,-3.982863
14500,0.519504,0.148430,3.908648,-3.958125
14520,0.519504,0.222645,3.883910,-4.007602
14540,0.470027,0.222645,3.859172,-4.057078
14560,0.445289,0.222645,3.982863,-3.958125
14580,0.519504,0.148430,3.982863,-3.982863
14600,0.519504,0.173168,3.883910,-4.007602
14620,0.519504,0.272121,3.859172,-4.081817
14640,0.519504,0.247383,3.859172,-4.007602
14660,0.445289,0.222645,3.883910,-3.958125
14680,0.470027,0.222645,3.958125,-3.982863
14700,0.445289,0.148430,3.883910,-3.982863
14720,0.544242,0.222645,3.859172,-3.982863
14740,0.470027,0.148430,3.958125,-3.958125
14760,0.445289,0.074215,3.883910,-3.883910
14780,0.519504,0.222645,3.809695,-4.007602
14800,0.519504,0.247383,3.809695,-4.057078
14820,0.519504,0.173168,3.859172,-4.057078
14840,0.519504,0.222645,3.883910,-3.958125
14860,0.445289,0.148430,3.908648,-3.982863
14880,0.544242,0.247383,3.883910,-4.007602
14900,0.519504,0.173168,3.908648,-3.982863
14920,0.420551,0.123691,3.908648,-3.908648
14940,0.470027,0.148430,3.883910,-3.982863
14960,0.519504,0.173168,3.859172,-3.958125
14980,0.470027,0.222645,3.908648,-4.007602
15000,0.519504,0.123691,3.883910,-3.958125
15020,0.371074,0.173168,3.958125,-3.958125
15040,0.420551,0.173168,3.883910,-4.007602
15060,0.445289,0.247383,3.859172,-4.007602
15080,0.445289,0.222645,3.859172,-3.982863
15100,0.470027,0.222645,3.883910,-3.958125
15120,0.445289,0.123691,3.908648,-3.908648
15140,0.445289,0.148430,3.859172,-4.007602
15160,0.470027,0.173168,3.809695,-4.007602
15180,0.519504,0.148430,3.883910,-3.982863
15200,0.445289,0.123691,3.958125,-3.883910
15220,0.470027,0.148430,3.883910,-3.883910
15240,0.519504,0.247383,3.809695,-4.007602
15260,0.519504,0.247383,3.883910,-4.007602
15280,0.470027,0.222645,3.908648,-3.982863
15300,0.470027,0.123691,3.908648,-3.958125
15320,0.519504,0.173168,3.809695,-3.982863
15340,0.519504,0.222645,3.809695,-4.057078
15360,0.445289,0.173168,3.859172,-3.958125
15380,0.445289,0.074215,4.007602,-3.883910
15400,0.519504,0.148430,3.908648,-3.958125
15420,0.544242,0.222645,3.809695,-4.007602
15440,0.544242,0.222645,3.859172,-4.007602
15460,0.544242,0.173168,3.859172,-3.958125
15480,0.470027,0.222645,3.883910,-3.958125
15500,0.544242,0.222645,3.809695,-3.982863
15520,0.519504,0.247383,3.859172,-3.982863
15540,0.445289,0.148430,3.883910,-3.982863
15560,0.470027,0.222645,3.908648,-3.958125
15580,0.445289,0.123691,3.908648,-3.982863
15600,0.445289,0.222645,3.859172,-4.081817
15620,0.445289,0.247383,3.859172,-4.081817
15640,0.470027,0.173168,3.908648,-3.982863
15660,0.420551,0.074215,3.908648,-3.908648
15680,0.519504,0.148430,3.784957,-4.007602
15700,0.568980,0.222645,3.784957,-4.007602
15720,0.519504,0.222645,3.809695,-4.007602
15740,0.470027,0.148430,3.908648,-3.908648
15760,0.445289,0.148430,3.908648,-3.958125
15780,0.445289,0.173168,3.809695,-4.057078
15800,0.445289,0.272121,3.784957,-4.081817
15820,0.519504,0.173168,3.859172,-4.007602
15840,0.519504,0.123691,3.859172,-3.958125
15860,0.470027,0.222645,3.908648,-3.958125
15880,0.519504,0.247383,3.809695,-4.007602
15900,0.470027,0.247383,3.859172,-4.057078
15920,0.470027,0.222645,3.859172,-4.007602
15940,0.346336,0.148430,4.007602,-3.958125
15960,0.544242,0.272121,3.883910,-4.007602
15980,0.544242,0.222645,3.809695,-4.007602
16000,0.445289,0.247383,3.908648,-3.982863
16020,0.470027,0.173168,3.908648,-4.007602
16040,0.445289,0.148430,3.908648,-3.958125
16060,0.519504,0.173168,3.859172,-4.007602
16080,0.470027,0.173168,3.859172,-3.982863
16100,0.470027,0.148430,3.908648,-3.982863
16120,0.470027,0.173168,3.958125,-3.908648
16140,0.470027,0.222645,3.908648,-3.982863
16160,0.568980,0.222645,3.784957,-4.081817
16180,0.445289,0.222645,3.859172,-4.007602
16200,0.371074,0.148430,3.958125,-3.908648
16220,0.519504,0.148430,3.883910,-3.982863
16240,0.445289,0.222645,3.809695,-3.982863
16260,0.544242,0.222645,3.784957,-3.982863
16280,0.519504,0.148430,3.809695,-3.958125
16300,0.420551,0.148430,3.908648,-3.883910
16320,0.519504,0.222645,3.883910,-3.982863
16340,0.470027,0.272121,3.784957,-4.057078
16360,0.519504,0.173168,3.809695,-3.982863
16380,0.445289,0.074215,3.982863,-3.908648
16400,0.420551,0.148430,3.908648,-3.908648
16420,0.519504,0.173168,3.859172,-3.982863
16440,0.544242,0.222645,3.859172,-4.057078
16460,0.470027,0.222645,3.958125,-3.982863
16480,0.445289,0.148430,3.908648,-3.908648
16500,0.544242,0.173168,3.809695,-4.007602
16520,0.519504,0.148430,3.859172,-4.007602
16540,0.544242,0.222645,3.809695,-4.007602
16560,0.470027,0.074215,3.908648,-3.908648
16580,0.445289,0.222645,3.908648,-3.982863
16600,0.445289,0.173168,3.908648,-3.982863
16620,0.519504,0.247383,3.784957,-4.057078
16640,0.470027,0.222645,3.883910,-4.007602
16660,0.519504,0.222645,3.908648,-3.958125
16680,0.445289,0.222645,3.883910,-3.958125
16700,0.568980,0.272121,3.784957,-4.057078
16720,0.420551,0.247383,3.859172,-4.007602
16740,0.519504,0.148430,3.859172,-3.982863
16760,0.445289,0.148430,3.908648,-3.982863
16780,0.519504,0.173168,3.859172,-4.007602
16800,0.519504,0.222645,3.809695,-4.081817
16820,0.470027,0.173168,3.883910,-3.982863
16840,0.470027,0.222645,3.883910,-3.958125
16860,0.519504,0.222645,3.859172,-3.982863
16880,0.519504,0.272121,3.809695,-4.007602
16900,0.519504,0.272121,3.784957,-4.081817
16920,0.445289,0.173168,3.859172,-3.958125
16940,0.445289,0.148430,3.859172,-3.982863
16960,0.519504,0.247383,3.859172,-4.081817
16980,0.544242,0.247383,3.784957,-4.057078
17000,0.445289,0.173168,3.883910,-3.982863
17020,0.445289,0.074215,3.908648,-3.883910
17040,0.470027,0.222645,3.809695,-4.007602
17060,0.519504,0.222645,3.809695,-4.007602
17080,0.544242,0.222645,3.784957,-4.007602
17100,0.470027,0.222645,3.859172,-3.883910
17120,0.445289,0.222645,3.908648,-3.982863
17140,0.445289,0.222645,3.859172,-3.982863
17160,0.544242,0.247383,3.784957,-4.106555
17180,0.470027,0.173168,3.883910,-4.007602
17200,0.470027,0.148430,3.908648,-3.958125
17220,0.470027,0.148430,3.908648,-3.958125
17240,0.420551,0.222645,3.809695,-4.057078
17260,0.445289,0.173168,3.908648,-3.982863
17280,0.420551,0.148430,3.958125,-3.908648
17300,0.445289,0.148430,3.859172,-4.007602
17320,0.519504,0.222645,3.883910,-4.007602
17340,0.568980,0.173168,3.784957,-4.007602
17360,0.519504,0.123691,3.908648,-3.908648
17380,0.420551,0.148430,3.908648,-3.908648
17400,0.519504,0.272121,3.859172,-4.057078
17420,0.445289,0.247383,3.809695,-4.057078
17440,0.470027,0.222645,3.958125,-4.007602
17460,0.371074,0.123691,3.908648,-3.958125
17480,0.519504,0.148430,3.883910,-4.007602
17500,0.544242,0.173168,3.859172,-4.007602
17520,0.445289,0.148430,3.859172,-4.007602
17540,0.445289,0.173168,3.883910,-3.958125
17560,0.371074,0.222645,3.958125,-3.958125
17580,0.470027,0.148430,3.859172,-3.958125
17600,0.544242,0.222645,3.859172,-3.908648
17620,0.519504,0.173168,3.883910,-3.958125
17640,0.445289,0.123691,3.908648,-3.908648
17660,0.470027,0.123691,3.908648,-3.883910
17680,0.544242,0.222645,3.809695,-4.057078
17700,0.544242,0.222645,3.809695,-4.081817
17720,0.470027,0.173168,3.809695,-4.007602
17740,0.371074,0.148430,3.883910,-3.958125
17760,0.519504,0.173168,3.883910,-3.982863
17780,0.568980,0.247383,3.784957,-4.081817
17800,0.445289,0.247383,3.859172,-4.007602
17820,0.470027,0.222645,3.908648,-3.982863
17840,0.445289,0.148430,3.908648,-3.982863
17860,0.470027,0.222645,3.883910,-4.007602
17880,0.544242,0.272121,3.859172,-4.007602
17900,0.519504,0.247383,3.859172,-3.982863
17920,0.445289,0.148430,3.883910,-3.958125
17940,0.445289,0.173168,3.958125,-3.982863
17960,0.568980,0.272121,3.760219,-4.081817
17980,0.445289,0.222645,3.859172,-4.007602
18000,0.470027,0.123691,3.958125,-3.908648
18020,0.445289,0.123691,3.908648,-3.982863
18040,0.470027,0.148430,3.809695,-4.057078
18060,0.519504,0.272121,3.809695,-4.081817
18080,0.470027,0.222645,3.958125,-3.908648
18100,0.470027,0.123691,3.908648,-3.908648
18120,0.420551,0.148430,3.908648,-3.958125
18140,0.568980,0.247383,3.760219,-4.106555
18160,0.519504,0.272121,3.859172,-4.007602
18180,0.445289,0.074215,3.958125,-3.958125
18200,0.371074,0.148430,3.908648,-3.908648
18220,0.445289,0.247383,3.859172,-4.057078
18240,0.544242,0.247383,3.809695,-4.007602
18260,0.519504,0.148430,3.908648,-3.958125
18280,0.470027,0.123691,3.883910,-3.908648
18300,0.445289,0.222645,3.784957,-3.958125
18320,0.519504,0.173168,3.809695,-3.982863
18340,0.445289,0.173168,3.883910,-3.982863
18360,0.470027,0.173168,3.809695,-3.982863
18380,0.445289,0.148430,3.908648,-3.982863
18400,0.519504,0.222645,3.859172,-3.982863
18420,0.568980,0.247383,3.784957,-4.081817
18440,0.470027,0.173168,3.859172,-3.982863
18460,0.445289,0.173168,3.958125,-3.908648
18480,0.445289,0.123691,3.883910,-3.958125
18500,0.544242,0.222645,3.760219,-4.106555
18520,0.470027,0.222645,3.809695,-3.982863
18540,0.445289,0.173168,3.859172,-3.958125
18560,0.445289,0.222645,3.883910,-3.982863
18580,0.519504,0.173168,3.859172,-3.982863
18600,0.519504,0.222645,3.784957,-3.982863
18620,0.519504,0.173168,3.859172,-3.908648
18640,0.371074,0.123691,3.982863,-3.883910
18660,0.445289,0.222645,3.908648,-3.958125
18680,0.519504,0.247383,3.760219,-4.057078
18700,0.470027,0.222645,3.809695,-3.982863
18720,0.445289,0.148430,3.908648,-3.958125
18740,0.445289,0.148430,3.859172,-3.908648
18760,0.519504,0.247383,3.784957,-4.007602
18780,0.519504,0.247383,3.859172,-4.007602
18800,0.445289,0.173168,3.908648,-4.007602
18820,0.445289,0.222645,3.859172,-3.958125
18840,0.568980,0.148430,3.908648,-3.982863
18860,0.568980,0.272121,3.710742,-4.081817
18880,0.519504,0.173168,3.809695,-3.958125
18900,0.519504,0.222645,3.809695,-3.982863
18920,0.445289,0.148430,3.809695,-3.908648
18940,0.445289,0.222645,3.859172,-3.982863
18960,0.519504,0.272121,3.809695,-4.057078
18980,0.519504,0.222645,3.809695,-3.958125
19000,0.445289,0.123691,3.958125,-3.908648
19020,0.445289,0.148430,3.809695,-4.007602
19040,0.519504,0.222645,3.859172,-3.982863
19060,0.544242,0.222645,3.859172,-4.007602
19080,0.445289,0.222645,3.908648,-3.908648
19100,0.470027,0.148430,3.908648,-3.958125
19120,0.544242,0.222645,3.809695,-4.007602
19140,0.519504,0.247383,3.784957,-4.081817
19160,0.470027,0.222645,3.809695,-3.982863
19180,0.470027,0.148430,3.883910,-3.908648
19200,0.519504,0.173168,3.859172,-4.007602
19220,0.568980,0.222645,3.760219,-4.007602
19240,0.519504,0.222645,3.784957,-4.007602
19260,0.470027,0.148430,3.908648,-3.908648
19280,0.470027,0.148430,3.883910,-3.908648
19300,0.445289,0.173168,3.883910,-3.958125
19320,0.519504,0.247383,3.784957,-4.057078
19340,0.519504,0.247383,3.908648,-4.007602
19360,0.470027,0.173168,3.908648,-3.958125
19380,0.470027,0.247383,3.859172,-3.982863
19401,0.544242,0.222645,3.784957,-3.982863
19420,0.519504,0.222645,3.859172,-3.982863
19440,0.445289,0.148430,3.883910,-3.908648
19460,0.519504,0.148430,3.859172,-3.958125
19480,0.470027,0.222645,3.908648,-4.007602
19500,0.519504,0.247383,3.859172,-4.057078
19520,0.519504,0.222645,3.809695,-3.982863
19540,0.445289,0.148430,3.859172,-3.883910
19560,0.519504,0.173168,3.809695,-3.958125
19580,0.519504,0.222645,3.859172,-4.057078
19600,0.519504,0.222645,3.859172,-4.057078
19620,0.445289,0.222645,3.883910,-3.982863
19640,0.445289,0.222645,3.859172,-3.958125
19660,0.445289,0.222645,3.809695,-3.982863
19680,0.470027,0.272121,3.859172,-4.057078
19700,0.519504,0.272121,3.859172,-3.982863
19720,0.470027,0.173168,3.809695,-3.958125
19740,0.544242,0.148430,3.859172,-3.958125
19760,0.519504,0.222645,3.686004,-3.982863
19780,0.519504,0.247383,3.809695,-3.982863
19800,0.544242,0.173168,3.809695,-4.057078
19820,0.470027,0.148430,3.883910,-3.982863
19840,0.470027,0.222645,3.859172,-3.982863
19860,0.445289,0.222645,3.809695,-4.007602
19880,0.470027,0.247383,3.809695,-3.982863
19900,0.470027,0.148430,3.859172,-3.958125
19920,0.519504,0.123691,3.908648,-3.958125
19940,0.544242,0.173168,3.859172,-4.007602
19960,0.519504,0.222645,3.809695,-4.057078
19980,0.445289,0.222645,3.908648,-3.958125
20000,0.420551,0.148430,3.883910,-3.908648
20020,0.445289,0.173168,3.784957,-3.982863
20040,0.519504,0.222645,3.784957,-4.007602
20060,0.519504,0.247383,3.809695,-3.982863
20080,0.445289,0.148430,3.908648,-3.958125
20100,0.445289,0.074215,3.859172,-3.883910
20120,0.445289,0.272121,3.809695,-3.982863
20140,0.519504,0.247383,3.809695,-4.081817
20160,0.445289,0.222645,3.809695,-3.982863
20180,0.470027,0.222645,3.908648,-3.982863
20200,0.371074,0.222645,3.908648,-3.958125
20220,0.420551,0.222645,3.908648,-4.007602
20240,0.544242,0.272121,3.784957,-4.057078
20260,0.470027,0.222645,3.859172,-4.007602
20280,0.445289,0.148430,3.883910,-3.982863
20300,0.445289,0.222645,3.883910,-3.982863
20320,0.519504,0.272121,3.760219,-4.057078
20340,0.445289,0.222645,3.859172,-4.007602
20360,0.445289,0.173168,3.883910,-3.982863
20380,0.470027,0.148430,3.908648,-3.958125
20400,0.470027,0.222645,3.859172,-3.982863
20420,0.519504,0.247383,3.760219,-4.081817
20440,0.445289,0.222645,3.859172,-3.982863
20460,0.420551,0.123691,3.958125,-3.908648
20480,0.470027,0.173168,3.809695,-3.982863
20500,0.470027,0.222645,3.859172,-4.007602
20520,0.519504,0.222645,3.784957,-3.982863
20540,0.371074,0.148430,3.908648,-3.908648
20560,0.371074,0.222645,3.908648,-3.982863
20580,0.519504,0.272121,3.859172,-4.057078
20600,0.519504,0.247383,3.784957,-4.007602
20620,0.519504,0.222645,3.859172,-3.982863
20640,0.470027,0.148430,3.883910,-3.883910
20660,0.470027,0.222645,3.859172,-4.007602
20680,0.519504,0.222645,3.784957,-4.057078
20700,0.519504,0.272121,3.883910,-4.007602
20720,0.445289,0.222645,3.859172,-3.908648
20740,0.445289,0.222645,3.859172,-3.982863
20760,0.470027,0.173168,3.859172,-3.982863
20780,0.519504,0.247383,3.784957,-4.057078
20800,0.519504,0.222645,3.809695,-3.982863
20820,0.519504,0.173168,3.859172,-4.007602
20840,0.445289,0.222645,3.859172,-4.007602
20860,0.544242,0.247383,3.809695,-4.007602
20880,0.470027,0.222645,3.784957,-4.007602
20900,0.544242,0.222645,3.784957,-3.982863
20920,0.470027,0.148430,3.859172,-3.908648
20940,0.470027,0.247383,3.809695,-3.982863
20960,0.544242,0.247383,3.859172,-4.057078
20980,0.519504,0.173168,3.883910,-4.007602
21000,0.519504,0.148430,3.908648,-4.007602
21020,0.445289,0.148430,3.883910,-3.958125
21040,0.544242,0.247383,3.784957,-4.007602
21060,0.519504,0.222645,3.859172,-4.007602
21080,0.470027,0.222645,3.908648,-3.982863
21100,0.420551,0.148430,3.859172,-3.908648
21120,0.470027,0.222645,3.809695,-3.982863
21140,0.519504,0.247383,3.784957,-4.007602
21160,0.519504,0.173168,3.859172,-4.007602
21180,0.445289,0.148430,3.859172,-3.958125
21200,0.420551,0.173168,3.908648,-3.908648
21220,0.519504,0.222645,3.809695,-3.982863
21240,0.544242,0.222645,3.784957,-4.007602
21260,0.519504,0.173168,3.859172,-3.982863
21280,0.371074,0.148430,3.958125,-3.958125
21300,0.519504,0.222645,3.859172,-3.982863
21320,0.544242,0.272121,3.809695,-4.007602
21340,0.519504,0.173168,3.809695,-3.958125
21360,0.470027,0.148430,3.908648,-3.958125
21380,0.470027,0.173168,3.908648,-3.958125
21400,0.519504,0.222645,3.859172,-3.982863
21420,0.519504,0.173168,3.859172,-3.982863
21440,0.519504,0.148430,3.883910,-3.958125
21460,0.445289,0.148430,3.908648,-3.908648
21480,0.519504,0.222645,3.908648,-3.982863
21500,0.519504,0.247383,3.809695,-4.007602
21520,0.519504,0.173168,3.883910,-3.982863
21540,0.445289,0.148430,3.908648,-3.883910
21560,0.470027,0.148430,3.883910,-3.908648
21580,0.519504,0.272121,3.760219,-4.057078
21600,0.445289,0.272121,3.859172,-4.007602
21620,0.445289,0.173168,3.859172,-3.982863
21640,0.371074,0.148430,3.859172,-3.908648
21660,0.445289,0.222645,3.859172,-4.007602
21680,0.519504,0.247383,3.784957,-4.007602
21701,0.519504,0.222645,3.859172,-4.007602
21720,0.445289,0.123691,3.908648,-3.908648
21740,0.519504,0.222645,3.859172,-3.982863
21760,0.519504,0.272121,3.859172,-4.057078
21780,0.519504,0.222645,3.859172,-4.007602
21800,0.470027,0.148430,3.883910,-3.958125
21820,0.445289,0.148430,3.908648,-3.908648
21840,0.445289,0.247383,3.859172,-4.007602
21860,0.519504,0.272121,3.760219,-4.057078
21880,0.445289,0.222645,3.809695,-3.958125
21900,0.519504,0.148430,3.809695,-3.958125
21920,0.445289,0.173168,3.784957,-3.982863
21940,0.544242,0.272121,3.760219,-4.081817
21960,0.445289,0.222645,3.883910,-3.982863
21980,0.470027,0.173168,3.908648,-3.958125
22000,0.420551,0.148430,3.908648,-3.908648
22020,0.519504,0.247383,3.784957,-4.007602
22040,0.470027,0.222645,3.859172,-4.007602
22060,0.470027,0.222645,3.883910,-3.982863
22080,0.445289,0.222645,3.908648,-3.958125
22100,0.445289,0.148430,3.859172,-4.007602
22120,0.519504,0.222645,3.809695,-4.081817
22140,0.519504,0.272121,3.760219,-4.007602
22160,0.470027,0.222645,3.908648,-3.958125
22180,0.445289,0.148430,3.982863,-3.982863
22200,0.445289,0.123691,3.809695,-4.007602
22220,0.470027,0.247383,3.809695,-4.007602
22240,0.420551,0.173168,3.859172,-3.982863
22260,0.445289,0.148430,3.883910,-3.883910
22280,0.519504,0.222645,3.784957,-4.007602
22300,0.519504,0.222645,3.784957,-4.007602
22320,0.519504,0.222645,3.809695,-4.007602
22340,0.445289,0.148430,3.809695,-3.982863
22360,0.420551,0.173168,3.908648,-3.908648
22380,0.445289,0.148430,3.883910,-3.982863
22400,0.519504,0.272121,3.809695,-3.982863
22420,0.519504,0.247383,3.809695,-3.982863
22440,0.470027,0.222645,3.883910,-3.958125
22460,0.445289,0.222645,3.859172,-3.982863
22480,0.519504,0.247383,3.784957,-4.057078
22500,0.445289,0.222645,3.883910,-4.057078
22520,0.519504,0.222645,3.908648,-4.007602
22540,0.470027,0.222645,3.958125,-3.958125
22560,0.445289,0.222645,3.883910,-3.982863
22580,0.519504,0.247383,3.809695,-4.081817
22600,0.470027,0.222645,3.859172,-4.057078
22620,0.445289,0.123691,3.908648,-3.908648
22640,0.445289,0.123691,3.982863,-3.883910
22660,0.544242,0.222645,3.883910,-4.007602
22680,0.519504,0.222645,3.859172,-4.057078
22701,0.470027,0.247383,3.908648,-4.057078
22720,0.445289,0.148430,3.883910,-3.958125
22740,0.445289,0.123691,3.859172,-3.883910
22760,0.568980,0.272121,3.784957,-4.081817
22780,0.519504,0.222645,3.809695,-4.007602
22800,0.470027,0.222645,3.859172,-3.982863
22821,0.470027,0.173168,3.908648,-3.908648
22840,0.544242,0.173168,3.809695,-4.007602
22860,0.519504,0.222645,3.809695,-3.982863
22880,0.470027,0.222645,3.809695,-3.982863
22900,0.445289,0.148430,3.908648,-3.958125
22920,0.470027,0.148430,3.908648,-3.958125
22940,0.519504,0.247383,3.859172,-4.057078
22960,0.544242,0.247383,3.859172,-4.057078
22980,0.371074,0.148430,3.908648,-3.982863
23000,0.445289,0.148430,3.883910,-3.958125
23020,0.470027,0.222645,3.809695,-4.007602
23040,0.544242,0.222645,3.883910,-4.007602
23060,0.445289,0.222645,3.859172,-4.007602
23080,0.445289,0.148430,3.958125,-3.883910
23100,0.445289,0.222645,3.859172,-3.982863
23120,0.445289,0.222645,3.809695,-4.057078
23140,0.445289,0.222645,3.859172,-4.057078
23160,0.346336,0.148430,3.908648,-3.958125
23180,0.445289,0.074215,3.908648,-3.908648
23200,0.519504,0.173168,3.859172,-4.007602
23220,0.544242,0.247383,3.809695,-4.057078
23240,0.544242,0.222645,3.809695,-3.982863
23260,0.445289,0.123691,3.908648,-3.883910
23280,0.420551,0.148430,3.908648,-3.958125
23300,0.519504,0.272121,3.859172,-4.057078
23320,0.519504,0.222645,3.809695,-4.007602
23340,0.445289,0.148430,3.883910,-3.982863
23360,0.445289,0.173168,3.908648,-3.883910
23380,0.420551,0.173168,3.982863,-3.958125
23400,0.544242,0.247383,3.809695,-4.007602
23420,0.544242,0.173168,3.809695,-4.007602
23440,0.445289,0.148430,3.883910,-3.982863
23460,0.445289,0.173168,3.908648,-3.982863
23480,0.544242,0.173168,3.859172,-4.057078
23500,0.519504,0.222645,3.859172,-4.007602
23520,0.445289,0.123691,3.859172,-3.958125
23540,0.445289,0.173168,3.859172,-3.958125
23560,0.568980,0.148430,3.859172,-3.982863
23580,0.470027,0.148430,3.883910,-3.958125
23600,0.519504,0.173168,3.883910,-3.958125
23620,0.470027,0.173168,3.908648,-3.908648
23640,0.470027,0.148430,3.908648,-4.007602
23660,0.544242,0.173168,3.859172,-3.982863
23680,0.445289,0.173168,3.859172,-4.007602
23700,0.445289,0.173168,3.859172,-3.982863
23720,0.470027,0.173168,3.908648,-3.958125
23740,0.544242,0.222645,3.859172,-4.007602
23760,0.519504,0.272121,3.784957,-4.081817
23780,0.470027,0.148430,3.908648,-3.908648
23800,0.445289,0.148430,3.908648,-3.958125
23820,0.519504,0.173168,3.809695,-3.982863
23840,0.519504,0.247383,3.809695,-4.081817
23860,0.519504,0.272121,3.809695,-4.007602
23880,0.519504,0.148430,3.908648,-3.958125
23900,0.420551,0.173168,3.908648,-3.958125
23920,0.544242,0.222645,3.809695,-4.007602
23940,0.470027,0.222645,3.784957,-4.007602
23960,0.470027,0.222645,3.859172,-3.958125
23980,0.470027,0.148430,3.883910,-3.982863
24000,0.470027,0.123691,3.883910,-3.958125
24020,0.544242,0.222645,3.859172,-4.007602
24040,0.519504,0.272121,3.859172,-4.007602
24060,0.470027,0.173168,3.859172,-3.982863
24080,0.519504,0.173168,3.859172,-3.982863
24100,0.519504,0.222645,3.809695,-4.007602
24120,0.519504,0.247383,3.809695,-4.007602
24140,0.519504,0.222645,3.760219,-4.081817
24161,0.470027,0.148430,3.883910,-3.958125
24180,0.445289,0.123691,3.859172,-3.883910
24200,0.470027,0.148430,3.859172,-3.982863
24220,0.544242,0.222645,3.859172,-4.007602
24240,0.445289,0.148430,3.883910,-4.007602
24260,0.470027,0.173168,3.908648,-3.958125
24280,0.470027,0.148430,3.908648,-3.908648
24300,0.544242,0.222645,3.809695,-4.007602
24320,0.519504,0.272121,3.784957,-4.057078
24340,0.420551,0.173168,3.809695,-4.007602
24360,0.445289,0.074215,3.958125,-3.908648
24380,0.519504,0.123691,3.809695,-3.908648
24400,0.544242,0.222645,3.809695,-4.007602
24420,0.445289,0.222645,3.859172,-4.007602
24440,0.445289,0.148430,3.908648,-3.908648
24460,0.420551,0.074215,3.958125,-3.883910
24480,0.544242,0.222645,3.784957,-4.057078
24500,0.544242,0.247383,3.784957,-4.007602
24520,0.519504,0.222645,3.883910,-3.958125
24540,0.445289,0.148430,3.908648,-3.958125
24560,0.519504,0.148430,3.883910,-4.081817
24580,0.519504,0.222645,3.784957,-4.007602
24600,0.519504,0.222645,3.809695,-4.057078
24620,0.470027,0.173168,3.908648,-3.982863
24641,0.470027,0.148430,3.859172,-3.982863
24660,0.519504,0.272121,3.859172,-3.982863
24680,0.568980,0.272121,3.760219,-4.081817
24700,0.445289,0.173168,3.883910,-3.958125
24720,0.420551,0.222645,3.908648,-3.958125
24740,0.445289,0.148430,3.883910,-3.958125
24760,0.519504,0.173168,3.859172,-4.007602
24780,0.519504,0.148430,3.859172,-4.007602
24800,0.420551,0.173168,3.958125,-3.908648
24820,0.445289,0.173168,3.958125,-3.982863
24840,0.519504,0.247383,3.809695,-4.007602
24860,0.470027,0.222645,3.859172,-4.057078
24880,0.519504,0.222645,3.859172,-3.982863
24900,0.470027,0.173168,3.908648,-3.982863
24920,0.470027,0.123691,3.908648,-3.958125
24940,0.519504,0.222645,3.859172,-4.007602
24960,0.470027,0.222645,3.908648,-3.982863
24980,0.371074,0.148430,3.908648,-3.958125
25000,0.445289,0.123691,3.982863,-3.908648
25020,0.519504,0.173168,3.859172,-4.007602
25040,0.519504,0.222645,3.784957,-4.007602
25060,0.445289,0.148430,3.883910,-4.007602
25080,0.445289,0.074215,3.883910,-3.958125
25100,0.544242,0.148430,3.908648,-3.958125
25120,0.470027,0.222645,3.859172,-4.007602
25140,0.470027,0.222645,3.908648,-4.007602
25160,0.420551,0.049477,3.958125,-3.958125
25180,0.445289,0.148430,3.908648,-3.958125
25200,0.544242,0.247383,3.809695,-4.057078
25220,0.544242,0.173168,3.809695,-3.958125
25240,0.445289,0.123691,3.908648,-3.883910
25260,0.420551,0.123691,3.859172,-3.908648
25280,0.544242,0.173168,3.859172,-3.982863
25300,0.445289,0.247383,3.908648,-4.007602
25320,0.519504,0.222645,3.859172,-3.982863
25340,0.445289,0.222645,3.883910,-3.908648
25360,0.445289,0.148430,3.883910,-3.982863
25380,0.519504,0.222645,3.784957,-4.007602
25400,0.568980,0.222645,3.859172,-4.007602
25420,0.470027,0.148430,3.859172,-3.958125
25440,0.445289,0.148430,3.908648,-3.908648
25460,0.445289,0.222645,3.809695,-3.982863
25480,0.519504,0.222645,3.859172,-4.007602
25500,0.445289,0.173168,3.784957,-4.007602
25520,0.445289,0.123691,3.908648,-3.958125
25540,0.445289,0.222645,3.908648,-4.007602
25560,0.445289,0.247383,3.784957,-4.081817
25580,0.519504,0.247383,3.883910,-4.057078
25600,0.470027,0.173168,3.883910,-3.958125
25620,0.371074,0.123691,3.958125,-3.883910
25640,0.593719,0.148430,3.859172,-3.982863
25660,0.568980,0.272121,3.809695,-4.007602
25680,0.519504,0.222645,3.859172,-3.908648
25700,0.445289,0.123691,3.908648,-3.883910
25720,0.519504,0.173168,3.859172,-3.958125
25740,0.519504,0.247383,3.809695,-4.057078
25760,0.519504,0.222645,3.809695,-4.057078
25780,0.445289,0.123691,3.883910,-3.908648
25800,0.445289,0.148430,3.859172,-3.908648
25820,0.445289,0.222645,3.883910,-4.007602
25840,0.519504,0.272121,3.784957,-4.007602
25860,0.519504,0.173168,3.859172,-3.982863
25880,0.346336,0.074215,3.982863,-3.908648
25900,0.519504,0.222645,3.883910,-3.958125
25920,0.445289,0.173168,3.883910,-4.007602
25940,0.519504,0.222645,3.809695,-4.057078
25960,0.519504,0.148430,3.883910,-4.007602
25980,0.445289,0.123691,3.982863,-3.958125
26000,0.519504,0.148430,3.883910,-3.982863
26020,0.544242,0.173168,3.784957,-4.057078
26040,0.519504,0.222645,3.859172,-4.007602
26060,0.470027,0.123691,3.908648,-3.883910
26080,0.519504,0.222645,3.908648,-3.982863
26100,0.544242,0.222645,3.760219,-4.057078
26120,0.519504,0.272121,3.809695,-4.081817
26140,0.445289,0.123691,3.859172,-3.982863
26160,0.445289,0.148430,3.908648,-3.958125
26180,0.519504,0.173168,3.908648,-4.007602
26200,0.544242,0.321598,3.809695,-4.057078
26220,0.519504,0.247383,3.859172,-4.007602
26240,0.420551,0.173168,3.908648,-3.908648
26260,0.445289,0.247383,3.809695,-3.958125
26280,0.544242,0.272121,3.784957,-3.982863
26300,0.470027,0.222645,3.883910,-4.007602
26320,0.445289,0.148430,3.883910,-3.958125
26340,0.445289,0.222645,3.859172,-3.982863
26360,0.519504,0.272121,3.859172,-4.007602
26380,0.519504,0.247383,3.859172,-4.057078
26400,0.470027,0.222645,3.859172,-3.982863
26420,0.420551,0.123691,3.982863,-3.958125
26440,0.420551,0.148430,3.883910,-3.982863
26460,0.470027,0.222645,3.859172,-3.982863
26480,0.519504,0.173168,3.784957,-4.081817
26500,0.445289,0.148430,3.859172,-3.982863
26520,0.470027,0.123691,3.859172,-3.958125
26540,0.519504,0.148430,3.859172,-3.958125
26560,0.544242,0.272121,3.760219,-4.007602
26580,0.519504,0.173168,3.859172,-4.007602
26600,0.544242,0.148430,3.883910,-3.958125
26620,0.445289,0.123691,3.908648,-3.908648
26640,0.445289,0.222645,3.883910,-3.958125
26660,0.544242,0.173168,3.809695,-4.057078
26680,0.445289,0.148430,3.859172,-3.958125
26700,0.420551,0.148430,3.883910,-3.958125
26720,0.470027,0.173168,3.883910,-4.007602
26740,0.544242,0.222645,3.809695,-4.007602
26760,0.519504,0.222645,3.859172,-3.958125
26780,0.470027,0.123691,3.883910,-3.958125
26800,0.470027,0.222645,3.883910,-4.057078
26820,0.420551,0.247383,3.809695,-4.057078
26840,0.445289,0.222645,3.883910,-4.007602
26860,0.470027,0.247383,3.908648,-3.982863
26880,0.470027,0.148430,3.958125,-3.958125
26900,0.470027,0.173168,3.859172,-4.007602
26920,0.544242,0.247383,3.784957,-4.081817
26940,0.470027,0.173168,3.908648,-3.982863
26960,0.470027,0.123691,3.982863,-3.958125
26980,0.470027,0.148430,3.859172,-3.958125
27000,0.519504,0.222645,3.859172,-4.081817
27020,0.519504,0.247383,3.809695,-4.057078
27040,0.445289,0.148430,3.908648,-3.958125
27060,0.420551,0.148430,3.883910,-3.982863
27080,0.445289,0.247383,3.883910,-3.982863
27100,0.519504,0.247383,3.809695,-4.057078
27120,0.519504,0.148430,3.809695,-4.007602
27140,0.470027,0.148430,3.859172,-3.908648
27160,0.470027,0.148430,3.883910,-3.908648
27180,0.519504,0.222645,3.859172,-4.007602
27200,0.519504,0.247383,3.859172,-4.057078
27220,0.445289,0.148430,3.908648,-3.982863
27240,0.445289,0.148430,3.958125,-3.908648
27260,0.470027,0.148430,3.859172,-3.982863
27280,0.544242,0.173168,3.809695,-4.057078
27300,0.544242,0.222645,3.859172,-4.007602
27320,0.470027,0.173168,3.908648,-3.982863
27340,0.445289,0.123691,3.908648,-3.958125
27360,0.445289,0.173168,3.883910,-4.007602
27380,0.519504,0.222645,3.883910,-4.081817
27400,0.470027,0.148430,3.883910,-3.982863
27420,0.445289,0.123691,3.982863,-3.908648
27440,0.470027,0.148430,3.859172,-4.007602
27460,0.519504,0.173168,3.809695,-4.007602
27480,0.544242,0.173168,3.809695,-4.007602
27500,0.519504,0.247383,3.958125,-3.958125
27520,0.470027,0.074215,3.883910,-3.883910
27540,0.519504,0.173168,3.859172,-4.007602
27560,0.519504,0.222645,3.859172,-3.982863
27580,0.445289,0.173168,3.859172,-3.958125
27600,0.445289,0.123691,3.908648,-3.908648
27620,0.445289,0.123691,3.982863,-3.908648
27640,0.445289,0.222645,3.859172,-4.007602
27660,0.470027,0.173168,3.859172,-3.982863
27680,0.445289,0.148430,3.883910,-3.958125
27700,0.445289,0.123691,3.908648,-3.958125
27720,0.470027,0.173168,3.908648,-3.982863
27740,0.445289,0.272121,3.883910,-4.007602
27760,0.445289,0.222645,3.760219,-4.007602
27780,0.470027,0.123691,3.883910,-3.982863
27800,0.519504,0.148430,3.908648,-3.908648
27820,0.544242,0.173168,3.859172,-3.982863
27840,0.568980,0.272121,3.784957,-4.081817
27860,0.470027,0.247383,3.859172,-4.081817
27880,0.371074,0.222645,3.958125,-3.982863
27900,0.519504,0.222645,3.859172,-4.081817
27920,0.519504,0.222645,3.859172,-3.982863
27940,0.519504,0.222645,3.809695,-4.007602
27960,0.470027,0.173168,3.883910,-3.958125
27980,0.371074,0.074215,3.908648,-3.859172
28000,0.544242,0.222645,3.859172,-4.007602
28020,0.470027,0.247383,3.809695,-4.007602
28040,0.470027,0.173168,3.859172,-4.007602
28060,0.445289,0.148430,3.982863,-3.958125
28080,0.470027,0.173168,3.908648,-3.958125
28100,0.519504,0.222645,3.809695,-4.081817
28120,0.470027,0.173168,3.784957,-4.057078
28140,0.519504,0.222645,3.859172,-3.908648
28160,0.470027,0.148430,3.908648,-3.958125
28180,0.445289,0.222645,3.883910,-4.007602
28200,0.519504,0.222645,3.809695,-4.007602
28220,0.519504,0.222645,3.809695,-4.057078
28240,0.445289,0.148430,3.908648,-4.007602
28260,0.470027,0.123691,3.908648,-3.958125
28280,0.519504,0.222645,3.809695,-4.007602
28300,0.519504,0.222645,3.809695,-4.057078
28320,0.470027,0.148430,3.883910,-3.958125
28340,0.470027,0.148430,3.883910,-3.908648
28360,0.544242,0.173168,3.908648,-4.007602
28380,0.544242,0.173168,3.859172,-3.982863
28400,0.445289,0.222645,3.859172,-4.057078
28420,0.371074,0.148430,3.982863,-3.958125
28440,0.445289,0.148430,3.908648,-3.958125
28460,0.519504,0.247383,3.883910,-4.081817
28480,0.470027,0.222645,3.883910,-4.007602
28501,0.445289,0.222645,3.859172,-3.958125
28520,0.445289,0.123691,3.908648,-3.982863
28540,0.445289,0.173168,3.883910,-4.007602
28560,0.544242,0.272121,3.859172,-4.057078
28580,0.519504,0.247383,3.809695,-4.007602
28600,0.420551,0.123691,3.908648,-3.883910
28620,0.470027,0.222645,3.859172,-3.982863
28640,0.519504,0.222645,3.859172,-4.057078
28660,0.519504,0.247383,3.809695,-4.081817
28680,0.445289,0.148430,3.908648,-3.958125
28700,0.445289,0.123691,3.982863,-3.958125
28720,0.470027,0.173168,3.883910,-4.007602
28740,0.544242,0.222645,3.809695,-4.007602
28760,0.519504,0.173168,3.809695,-4.007602
28780,0.420551,0.074215,3.982863,-3.958125
28800,0.445289,0.173168,3.908648,-3.982863
28820,0.445289,0.173168,3.908648,-4.007602
28840,0.544242,0.222645,3.809695,-4.057078
28860,0.470027,0.222645,3.883910,-3.982863
28880,0.371074,0.148430,3.908648,-3.908648
28900,0.470027,0.222645,3.809695,-3.982863
28920,0.519504,0.247383,3.760219,-4.057078
28940,0.519504,0.148430,3.908648,-3.958125
28960,0.371074,0.123691,3.982863,-3.883910
28980,0.544242,0.222645,3.784957,-3.982863
29000,0.568980,0.222645,3.784957,-4.057078
29020,0.519504,0.222645,3.859172,-4.057078
29040,0.420551,0.148430,3.958125,-3.982863
29060,0.470027,0.148430,3.908648,-3.908648
29080,0.445289,0.173168,3.908648,-3.958125
29100,0.519504,0.247383,3.809695,-4.057078
29120,0.544242,0.222645,3.859172,-4.007602
29140,0.420551,0.123691,3.982863,-3.908648
29160,0.445289,0.148430,3.908648,-4.007602
29180,0.519504,0.247383,3.859172,-4.057078
29200,0.519504,0.222645,3.859172,-4.081817
29220,0.445289,0.148430,3.859172,-3.958125
29240,0.371074,0.074215,3.982863,-3.958125
29260,0.519504,0.173168,3.908648,-4.007602
29280,0.519504,0.222645,3.908648,-4.007602
29300,0.470027,0.222645,3.859172,-3.982863
29320,0.470027,0.148430,3.859172,-3.958125
29340,0.470027,0.173168,3.883910,-3.958125
29360,0.470027,0.222645,3.809695,-4.057078
29380,0.519504,0.247383,3.784957,-4.007602
29400,0.470027,0.222645,3.883910,-3.982863
29420,0.445289,0.074215,4.007602,-3.908648
29440,0.445289,0.222645,3.883910,-4.007602
29460,0.568980,0.247383,3.859172,-4.057078
29480,0.445289,0.222645,3.883910,-3.982863
29500,0.445289,0.173168,3.908648,-3.958125
29520,0.470027,0.222645,3.958125,-3.958125
29540,0.544242,0.272121,3.809695,-4.057078
29560,0.470027,0.272121,3.859172,-4.081817
29580,0.445289,0.222645,3.883910,-3.982863
29600,0.371074,0.148430,3.908648,-3.982863
29620,0.445289,0.173168,3.883910,-3.982863
29640,0.519504,0.247383,3.784957,-4.057078
29660,0.420551,0.222645,3.908648,-4.007602
29680,0.445289,0.148430,3.908648,-3.908648
29700,0.445289,0.222645,3.809695,-3.958125
29720,0.544242,0.222645,3.859172,-4.007602
29740,0.445289,0.222645,3.883910,-3.958125
29760,0.519504,0.173168,3.908648,-3.982863
29780,0.445289,0.123691,3.883910,-3.958125
29800,0.371074,0.148430,3.908648,-3.958125
29820,0.470027,0.222645,3.859172,-4.007602
29840,0.470027,0.148430,3.908648,-4.007602
29860,0.371074,0.049477,4.007602,-3.908648
29880,0.445289,0.123691,3.883910,-3.982863
29900,0.544242,0.272121,3.809695,-4.007602
29920,0.519504,0.222645,3.883910,-4.007602
29940,0.519504,0.173168,3.982863,-3.958125
29960,0.445289,0.173168,3.982863,-3.908648
29980,0.544242,0.148430,3.809695,-4.007602
30000,0.544242,0.222645,3.809695,-4.007602
30020,0.519504,0.148430,3.809695,-3.982863
